Iteration,a,b,f(a),f(b),b - a,c,f(c)
0,1.0,2.0,-0.165852901519210,0.0909297426825682,1.0,1.64588828436895,0.0111902634464285
1,1.0,1.64588828436895,-0.165852901519210,0.0111902634464285,0.645888284368954,1.60506400255919,0.00120729270495123
2,1.0,1.60506400255919,-0.165852901519210,0.00120729270495123,0.605064002559187,1.60069139088044,0.000128165305202918
